title,text,clean_text
A massive Wyoming data center will soon use 5x more power than the state's human occupants - but no one knows who is using it,A massive Wyoming data center will soon use 5x more power than the state's human occupants - but no one knows who is using it ,massive wyoming data center soon use x power states human occupants one knows using
RFK Jr. wants a wearable on every American — that future’s not as healthy as he thinks,RFK Jr. wants a wearable on every American — that future’s not as healthy as he thinks ,rfk jr wants wearable every american futures healthy thinks
Reddit will block the Internet Archive,Reddit will block the Internet Archive ,reddit block internet archive
"Ford Aims for Revolution With $30,000 Electric Truck","Ford Aims for Revolution With $30,000 Electric Truck ",ford aims revolution electric truck
Man develops rare 19th-century psychiatric disorder after following ChatGPT's diet advice,Man develops rare 19th-century psychiatric disorder after following ChatGPT's diet advice ,man develops rare thcentury psychiatric disorder following chatgpts diet advice
"TeaOnHer, a rival Tea app for men, is leaking users’ personal data and driver’s licenses","TeaOnHer, a rival Tea app for men, is leaking users’ personal data and driver’s licenses ",teaonher rival tea app men leaking users personal data drivers licenses
Danish programmer build a webside to highlight every single EU members stance on the new mass surveillance tool Chat Control 2.0 and its implications for you as a citizen in the European Union,Danish programmer build a webside to highlight every single EU members stance on the new mass surveillance tool Chat Control 2.0 and its implications for you as a citizen in the European Union ,danish programmer build webside highlight every single eu members stance new mass surveillance tool chat control implications citizen european union
"China state media says Nvidia H20 GPUs are unsafe and outdated, urges Chinese companies to avoid them — says chip is ‘neither environmentally friendly, nor advanced, nor safe’","China state media says Nvidia H20 GPUs are unsafe and outdated, urges Chinese companies to avoid them — says chip is ‘neither environmentally friendly, nor advanced, nor safe’ ",china state media says nvidia h gpus unsafe outdated urges chinese companies avoid says chip neither environmentally friendly advanced safe
"Sam Altman says Gen Z are the ‘luckiest’ kids in all of history thanks to AI, despite mounting job displacement dread","Sam Altman says Gen Z are the ‘luckiest’ kids in all of history thanks to AI, despite mounting job displacement dread ",sam altman says gen z luckiest kids history thanks ai despite mounting job displacement dread
GitHub is no longer independent at Microsoft after CEO resignation,GitHub is no longer independent at Microsoft after CEO resignation ,github longer independent microsoft ceo resignation
The computer science dream has become a nightmare,The computer science dream has become a nightmare ,computer science dream become nightmare
"Gen Z Is Cutting Back On Video Game Purchases. Like, Really Cutting Back","Gen Z Is Cutting Back On Video Game Purchases. Like, Really Cutting Back ",gen z cutting back video game purchases like really cutting back
Karen Hao on AI tech bosses: ‘Many choose not to have children because they don’t think the world is going to be around much longer’,Karen Hao on AI tech bosses: ‘Many choose not to have children because they don’t think the world is going to be around much longer’ ,karen hao ai tech bosses many choose children dont think world going around much longer
Cybertruck Leads Tesla’s Used-Car Collapse,Cybertruck Leads Tesla’s Used-Car Collapse ,cybertruck leads teslas usedcar collapse
"Newly discovered WinRAR exploit linked to Russian hacking group, can plant backdoor malware — zero day hack requires manual update to fix","Newly discovered WinRAR exploit linked to Russian hacking group, can plant backdoor malware — zero day hack requires manual update to fix ",newly discovered winrar exploit linked russian hacking group plant backdoor malware zero day hack requires manual update fix
"Linus Torvalds calls RISC-V code from Google engineer 'garbage' and that it 'makes the world actively a worse place to live' — Linux honcho puts dev on notice for late submissions, too","Linus Torvalds calls RISC-V code from Google engineer 'garbage' and that it 'makes the world actively a worse place to live' — Linux honcho puts dev on notice for late submissions, too ",linus torvalds calls riscv code google engineer garbage makes world actively worse place live linux honcho puts dev notice late submissions
"Goodbye, $165,000 Tech Jobs. Student Coders Seek Work at Chipotle. | As companies like Amazon and Microsoft lay off workers and embrace A.I. coding tools, computer science graduates say they’re struggling to land tech jobs.","Goodbye, $165,000 Tech Jobs. Student Coders Seek Work at Chipotle. | As companies like Amazon and Microsoft lay off workers and embrace A.I. coding tools, computer science graduates say they’re struggling to land tech jobs. ",goodbye tech jobs student coders seek work chipotle companies like amazon microsoft lay workers embrace ai coding tools computer science graduates say theyre struggling land tech jobs
What Even Is Instagram Now? | Long after shifting your feed away from friends and toward influencers Instagram is adding new features intended to make the app more personal. The turnabout exposes the platform’s identity crisis,What Even Is Instagram Now? | Long after shifting your feed away from friends and toward influencers Instagram is adding new features intended to make the app more personal. The turnabout exposes the platform’s identity crisis ,even instagram long shifting feed away friends toward influencers instagram adding new features intended make app personal turnabout exposes platforms identity crisis
"Sex is getting scrubbed from the internet, but a billionaire can sell you AI nudes |Online safety laws keep ordinary people from expressing themselves, while companies like xAI cause real harm.","Sex is getting scrubbed from the internet, but a billionaire can sell you AI nudes |Online safety laws keep ordinary people from expressing themselves, while companies like xAI cause real harm. ",sex getting scrubbed internet billionaire sell ai nudes online safety laws keep ordinary people expressing companies like xai cause real harm
Instagram has debuted a new maps feature that shows your location to others. And Internet users are furious,Instagram has debuted a new maps feature that shows your location to others. And Internet users are furious ,instagram debuted new maps feature shows location others internet users furious
Nvidia and AMD to pay 15% of China chip sale revenues to US government,Nvidia and AMD to pay 15% of China chip sale revenues to US government ,nvidia amd pay china chip sale revenues us government
"""AI Is A Money Trap""","""AI Is A Money Trap"" ",ai money trap
"AOL discontinues its dial-up internet, and we're just surprised they even offered it in 2025","AOL discontinues its dial-up internet, and we're just surprised they even offered it in 2025 ",aol discontinues dialup internet surprised even offered
Former Intel CEO Craig Barrett outlines rescue plan to save Intel and America's advanced chip manufacturing,Former Intel CEO Craig Barrett outlines rescue plan to save Intel and America's advanced chip manufacturing ,former intel ceo craig barrett outlines rescue plan save intel americas advanced chip manufacturing
New Chatbot On Trump's Truth Social Platform Keeps Contradicting Him,New Chatbot On Trump's Truth Social Platform Keeps Contradicting Him ,new chatbot trumps truth social platform keeps contradicting
Major Intel Linux driver projects are dying due to Intel layoffs and corporate restructuring — compatibility and reliability issues could increase over time,Major Intel Linux driver projects are dying due to Intel layoffs and corporate restructuring — compatibility and reliability issues could increase over time ,major intel linux driver projects dying due intel layoffs corporate restructuring compatibility reliability issues could increase time
Major hotel chain faces backlash for allegedly outsourcing check-ins -- to India,Major hotel chain faces backlash for allegedly outsourcing check-ins -- to India ,major hotel chain faces backlash allegedly outsourcing checkins india
"Nvidia and AMD to pay 15% of China chip sales revenues to the U.S. government, FT reports","Nvidia and AMD to pay 15% of China chip sales revenues to the U.S. government, FT reports ",nvidia amd pay china chip sales revenues us government ft reports
Security flaws in a carmaker’s web portal let one hacker remotely unlock cars from anywhere,Security flaws in a carmaker’s web portal let one hacker remotely unlock cars from anywhere ,security flaws carmakers web portal let one hacker remotely unlock cars anywhere
"GPT-5 makes up presidents, US states when asked to draw.","GPT-5 makes up presidents, US states when asked to draw. ",gpt makes presidents us states asked draw
‘Britain’s most tattooed man’ claims he is unable to watch p*rn as 'new age check system mistakes his ink for a mask',‘Britain’s most tattooed man’ claims he is unable to watch p*rn as 'new age check system mistakes his ink for a mask' ,britains tattooed man claims unable watch prn new age check system mistakes ink mask
Trump announces 100% tariff on computer chips. Here's what it could mean for your wallet.,Trump announces 100% tariff on computer chips. Here's what it could mean for your wallet. ,trump announces tariff computer chips heres could mean wallet
Signal boss: ‘disturbing’ laws show the UK doesn’t understand tech,Signal boss: ‘disturbing’ laws show the UK doesn’t understand tech ,signal boss disturbing laws show uk doesnt understand tech
"Trump executive order gives politicians control over all federal grants, alarming researchers","Trump executive order gives politicians control over all federal grants, alarming researchers ",trump executive order gives politicians control federal grants alarming researchers
"Mozilla under fire for Firefox AI ""bloat"" that blows up CPU and drains battery","Mozilla under fire for Firefox AI ""bloat"" that blows up CPU and drains battery ",mozilla fire firefox ai bloat blows cpu drains battery
"After using ChatGPT, man swaps his salt for sodium bromide and suffers psychosis","After using ChatGPT, man swaps his salt for sodium bromide and suffers psychosis ",using chatgpt man swaps salt sodium bromide suffers psychosis
Steve Wozniak on fighting internet scams,Steve Wozniak on fighting internet scams ,steve wozniak fighting internet scams
Why U.S. politicians are up in arms about new internet rules in Britain,Why U.S. politicians are up in arms about new internet rules in Britain ,us politicians arms new internet rules britain
"Uber took bigger cut of fares to grow profits, study says — with Seattle hit hardest","Uber took bigger cut of fares to grow profits, study says — with Seattle hit hardest ",uber took bigger cut fares grow profits study says seattle hit hardest
B.C. mushroom picking robots get $40M boost to fill growing agricultural labour shortage,B.C. mushroom picking robots get $40M boost to fill growing agricultural labour shortage ,bc mushroom picking robots get boost fill growing agricultural labour shortage
"Johns Hopkins is building classified versions of its AI wargaming tools for DoD, IC","Johns Hopkins is building classified versions of its AI wargaming tools for DoD, IC ",johns hopkins building classified versions ai wargaming tools dod ic
How photonic computing can move towards commercialization,How photonic computing can move towards commercialization ,photonic computing move towards commercialization
Sunlight-activated material turns PFAS in water into harmless fluoride,Sunlight-activated material turns PFAS in water into harmless fluoride ,sunlightactivated material turns pfas water harmless fluoride
Trump admin orders federal agencies to scrub all worker COVID vaccination records,Trump admin orders federal agencies to scrub all worker COVID vaccination records ,trump admin orders federal agencies scrub worker covid vaccination records
California man sues Microsoft for discontinuing Windows 10 — says company is doing this to “monopolize the generative AI market”,California man sues Microsoft for discontinuing Windows 10 — says company is doing this to “monopolize the generative AI market” ,california man sues microsoft discontinuing windows says company monopolize generative ai market
Częstochowa city becomes first to use Polish AI model to support local administration,Częstochowa city becomes first to use Polish AI model to support local administration ,czstochowa city becomes first use polish ai model support local administration
The Secret History of Tor: How a Military Project Became a Lifeline for Privacy,The Secret History of Tor: How a Military Project Became a Lifeline for Privacy ,secret history tor military project became lifeline privacy
"AI, Trump put pressure on Deloitte, Accenture, other consulting firms","AI, Trump put pressure on Deloitte, Accenture, other consulting firms ",ai trump put pressure deloitte accenture consulting firms
Antivirus bloatware may be killing your (not so old) Windows PC,Antivirus bloatware may be killing your (not so old) Windows PC ,antivirus bloatware may killing old windows pc
Pill Causes Major Weight Loss in Eli Lilly Trial’s Results,Pill Causes Major Weight Loss in Eli Lilly Trial’s Results ,pill causes major weight loss eli lilly trials results
"As electric bills rise, evidence mounts that data centers share blame. States feel pressure to act","As electric bills rise, evidence mounts that data centers share blame. States feel pressure to act ",electric bills rise evidence mounts data centers share blame states feel pressure act
"Red Teams Jailbreak GPT-5 With Ease, Warn It's ‘Nearly Unusable’ for Enterprise","Red Teams Jailbreak GPT-5 With Ease, Warn It's ‘Nearly Unusable’ for Enterprise ",red teams jailbreak gpt ease warn nearly unusable enterprise
AI industry horrified to face largest copyright class action ever certified,AI industry horrified to face largest copyright class action ever certified ,ai industry horrified face largest copyright class action ever certified
"Intel CEO calls China ties allegations ""misinformation"" after Trump demands resignation | Lip-Bu Tan reaffirms commitment to US' chipmaking competitiveness","Intel CEO calls China ties allegations ""misinformation"" after Trump demands resignation | Lip-Bu Tan reaffirms commitment to US' chipmaking competitiveness ",intel ceo calls china ties allegations misinformation trump demands resignation lipbu tan reaffirms commitment us chipmaking competitiveness
Why Are Silicon Valley’s Utopians Prepping for Collapse?,Why Are Silicon Valley’s Utopians Prepping for Collapse? ,silicon valleys utopians prepping collapse
How OpenAI used a new data type to cut inference costs by 75%,How OpenAI used a new data type to cut inference costs by 75% ,openai used new data type cut inference costs
Hackers are hiding malware in SVG images via fake Facebook posts,Hackers are hiding malware in SVG images via fake Facebook posts ,hackers hiding malware svg images via fake facebook posts
Residents cheer as Tucson rejects Amazon's massive Project Blue data center campus in Arizona,Residents cheer as Tucson rejects Amazon's massive Project Blue data center campus in Arizona ,residents cheer tucson rejects amazons massive project blue data center campus arizona
"AOL will end dial-up internet service in September, 34 years after it's debut — AOL Shield Browser and AOL Dialer software will be shuttered on the same day","AOL will end dial-up internet service in September, 34 years after it's debut — AOL Shield Browser and AOL Dialer software will be shuttered on the same day ",aol end dialup internet service september years debut aol shield browser aol dialer software shuttered day
Hackers Went Looking for a Backdoor in High-Security Safes—and Now Can Open Them in Seconds,Hackers Went Looking for a Backdoor in High-Security Safes—and Now Can Open Them in Seconds ,hackers went looking backdoor highsecurity safesand open seconds
"Blizzard's ex-CEO says Battlefield 6 will ""boot stomp"" Call of Duty this year because the franchise has ""gone downhill"" — calls it a victory for players as COD ""won't be lazy"" anymore","Blizzard's ex-CEO says Battlefield 6 will ""boot stomp"" Call of Duty this year because the franchise has ""gone downhill"" — calls it a victory for players as COD ""won't be lazy"" anymore ",blizzards exceo says battlefield boot stomp call duty year franchise gone downhill calls victory players cod wont lazy anymore
"Parks Associates: 47% of US Internet Households Own a Security Solution, and 35% Have a Paid Security Service","Parks Associates: 47% of US Internet Households Own a Security Solution, and 35% Have a Paid Security Service ",parks associates us internet households security solution paid security service
UK: X created a 'staggering amplification of hate' during the 2024 riots,UK: X created a 'staggering amplification of hate' during the 2024 riots ,uk x created staggering amplification hate riots
Scientists Used Virtual Reality To Alter People’s Lucid Dreams,Scientists Used Virtual Reality To Alter People’s Lucid Dreams ,scientists used virtual reality alter peoples lucid dreams
Riot Games Accused of Blocking Mastercard Discourse in VCT Chat,Riot Games Accused of Blocking Mastercard Discourse in VCT Chat ,riot games accused blocking mastercard discourse vct chat
General Motors Is Going All-In On Affordable LFP Batteries,General Motors Is Going All-In On Affordable LFP Batteries ,general motors going allin affordable lfp batteries
"The Battlefield 6 beta has broken Call of Duty's Steam player count record, surging past half a million concurrents | This puts the BF6 beta at 18th place overall on Steam.","The Battlefield 6 beta has broken Call of Duty's Steam player count record, surging past half a million concurrents | This puts the BF6 beta at 18th place overall on Steam. ",battlefield beta broken call dutys steam player count record surging past half million concurrents puts bf beta th place overall steam
It Took Just 24 Hours of Complaints for OpenAI to Start Bringing Back Its Old Model | The GPT-5 rollout has been a disaster.,It Took Just 24 Hours of Complaints for OpenAI to Start Bringing Back Its Old Model | The GPT-5 rollout has been a disaster. ,took hours complaints openai start bringing back old model gpt rollout disaster
BYD unveils electric intercity bus with 700 km range,BYD unveils electric intercity bus with 700 km range ,byd unveils electric intercity bus km range
IBM and Moderna have simulated the longest mRNA pattern without AI — they used a quantum computer instead,IBM and Moderna have simulated the longest mRNA pattern without AI — they used a quantum computer instead ,ibm moderna simulated longest mrna pattern without ai used quantum computer instead
Microsoft sued for discontinuing Windows 10 support,Microsoft sued for discontinuing Windows 10 support ,microsoft sued discontinuing windows support
Attorneys general nationwide target voice providers to curb robocalls,Attorneys general nationwide target voice providers to curb robocalls ,attorneys general nationwide target voice providers curb robocalls
Used EV batteries could upend the race for long-duration storage,Used EV batteries could upend the race for long-duration storage ,used ev batteries could upend race longduration storage
China warns EV makers to stop price-cutting to protect the economy,China warns EV makers to stop price-cutting to protect the economy ,china warns ev makers stop pricecutting protect economy
Trump administration threatens to take Harvard's patents,Trump administration threatens to take Harvard's patents ,trump administration threatens take harvards patents
Ditching my phone for an LTE smartwatch was a humbling experience,Ditching my phone for an LTE smartwatch was a humbling experience ,ditching phone lte smartwatch humbling experience
The UK’s Online Safety Act is a licence for censorship – and the rest of the world is following suit,The UK’s Online Safety Act is a licence for censorship – and the rest of the world is following suit ,uks online safety act licence censorship rest world following suit
Are AI Companion Chatbots Safe for Teenagers?,Are AI Companion Chatbots Safe for Teenagers? ,ai companion chatbots safe teenagers
Cluely Doubles Its ARR to $7M in Just One Week,Cluely Doubles Its ARR to $7M in Just One Week ,cluely doubles arr one week
New Instagram location sharing feature sparks privacy fears,New Instagram location sharing feature sparks privacy fears ,new instagram location sharing feature sparks privacy fears
"SEC ends lawsuit against Ripple, company to pay $125 million fine","SEC ends lawsuit against Ripple, company to pay $125 million fine ",sec ends lawsuit ripple company pay million fine
Hackers Weaponizing SVG Files With Malicious Embedded JavaScript to Execute Malware on Windows Systems,Hackers Weaponizing SVG Files With Malicious Embedded JavaScript to Execute Malware on Windows Systems ,hackers weaponizing svg files malicious embedded javascript execute malware windows systems
Encryption Made for Police and Military Radios May Be Easily Cracked | Researchers found that an encryption algorithm likely used by law enforcement and special forces can have weaknesses that could allow an attacker to listen in,Encryption Made for Police and Military Radios May Be Easily Cracked | Researchers found that an encryption algorithm likely used by law enforcement and special forces can have weaknesses that could allow an attacker to listen in ,encryption made police military radios may easily cracked researchers found encryption algorithm likely used law enforcement special forces weaknesses could allow attacker listen
"WhatsApp takes down 6.8 million accounts linked to criminal scam centers, Meta says","WhatsApp takes down 6.8 million accounts linked to criminal scam centers, Meta says ",whatsapp takes million accounts linked criminal scam centers meta says
GM Shifts Spring Hill Plant to Low-Cost LFP Battery Cell Production,GM Shifts Spring Hill Plant to Low-Cost LFP Battery Cell Production ,gm shifts spring hill plant lowcost lfp battery cell production
"Battlefield 6's anti-cheat has already stopped 330,000 'attempts to cheat' in the open beta, but players are still calling out wallhackers who slip through the net | EA asks players to keep the reports coming.","Battlefield 6's anti-cheat has already stopped 330,000 'attempts to cheat' in the open beta, but players are still calling out wallhackers who slip through the net | EA asks players to keep the reports coming. ",battlefield anticheat already stopped attempts cheat open beta players still calling wallhackers slip net ea asks players keep reports coming
India’s IT services giants race to reinvent themselves for the AI age,India’s IT services giants race to reinvent themselves for the AI age ,indias services giants race reinvent ai age
TikTok reportedly testing AI age checks in the US: All you need to know about the feature,TikTok reportedly testing AI age checks in the US: All you need to know about the feature ,tiktok reportedly testing ai age checks us need know feature
21 Ways People Are Using A.I. at Work,21 Ways People Are Using A.I. at Work ,ways people using ai work
"Net neutrality advocates won’t appeal loss, say they don’t trust Supreme Court | Advocates say Supreme Court shows ""hostility toward sound legal reasoning.""","Net neutrality advocates won’t appeal loss, say they don’t trust Supreme Court | Advocates say Supreme Court shows ""hostility toward sound legal reasoning."" ",net neutrality advocates wont appeal loss say dont trust supreme court advocates say supreme court shows hostility toward sound legal reasoning
The winners and losers in tech's AI-powered ad race,The winners and losers in tech's AI-powered ad race ,winners losers techs aipowered ad race
Tesla’s Dojo supercomputer is DOA — now what? | The disbanding of Tesla’s supercomputer is less about the AI race and more about Elon Musk’s inability to retain talent,Tesla’s Dojo supercomputer is DOA — now what? | The disbanding of Tesla’s supercomputer is less about the AI race and more about Elon Musk’s inability to retain talent ,teslas dojo supercomputer doa disbanding teslas supercomputer less ai race elon musks inability retain talent
4 arrested in Brazilian police raids against gang running illegal ride-hailing app in Rio,4 arrested in Brazilian police raids against gang running illegal ride-hailing app in Rio ,arrested brazilian police raids gang running illegal ridehailing app rio
"Uber defends safety record after 400,000 sexual misconduct reports in five years surface","Uber defends safety record after 400,000 sexual misconduct reports in five years surface ",uber defends safety record sexual misconduct reports five years surface
"Stunning new data reveals 140% layoff spike in July, with almost half connected to AI and 'technological updates'","Stunning new data reveals 140% layoff spike in July, with almost half connected to AI and 'technological updates' ",stunning new data reveals layoff spike july almost half connected ai technological updates
Diabetes patient produces own insulin after gene-edited cell transplant – without anti-rejection drugs | A potential major step toward a type 1 diabetes cure,Diabetes patient produces own insulin after gene-edited cell transplant – without anti-rejection drugs | A potential major step toward a type 1 diabetes cure ,diabetes patient produces insulin geneedited cell transplant without antirejection drugs potential major step toward type diabetes cure
“Magic” Cleaning Sponges Found to Release Trillions of Microplastic Fibers,“Magic” Cleaning Sponges Found to Release Trillions of Microplastic Fibers ,magic cleaning sponges found release trillions microplastic fibers
Scientists just cracked the code to editing entire chromosomes flawlessly,Scientists just cracked the code to editing entire chromosomes flawlessly ,scientists cracked code editing entire chromosomes flawlessly
"ChatGPT Is Still a Bullshit Machine | CEO Sam Altman says it's like having a superpower, but GPT-5 struggles with basic questions.","ChatGPT Is Still a Bullshit Machine | CEO Sam Altman says it's like having a superpower, but GPT-5 struggles with basic questions. ",chatgpt still bullshit machine ceo sam altman says like superpower gpt struggles basic questions
Alzheimer's Breakthrough: Lithium Reverses Memory Loss in Mice,Alzheimer's Breakthrough: Lithium Reverses Memory Loss in Mice ,alzheimers breakthrough lithium reverses memory loss mice
Far more environmental data is being deleted in Trump's second term than before,Far more environmental data is being deleted in Trump's second term than before ,far environmental data deleted trumps second term
Microsoft investigates Israeli military’s use of Azure cloud storage,Microsoft investigates Israeli military’s use of Azure cloud storage ,microsoft investigates israeli militarys use azure cloud storage
“This Is What We Voted For!” MAHA World Celebrates mRNA News (Experts Say It Will Kill People),“This Is What We Voted For!” MAHA World Celebrates mRNA News (Experts Say It Will Kill People) ,voted maha world celebrates mrna news experts say kill people
ChatGPT users are not happy with GPT-5 launch as thousands take to Reddit claiming the new upgrade ‘is horrible’,ChatGPT users are not happy with GPT-5 launch as thousands take to Reddit claiming the new upgrade ‘is horrible’ ,chatgpt users happy gpt launch thousands take reddit claiming new upgrade horrible
"Stunning new data reveals 140% layoff spike in July, with almost half connected to AI and ‘technological updates’","Stunning new data reveals 140% layoff spike in July, with almost half connected to AI and ‘technological updates’ ",stunning new data reveals layoff spike july almost half connected ai technological updates
YouTube will begin using AI for age verification next week,YouTube will begin using AI for age verification next week ,youtube begin using ai age verification next week
It Looks Like a School Vape Detector. A Teen Hacker Showed It Could Become an Audio Bug,It Looks Like a School Vape Detector. A Teen Hacker Showed It Could Become an Audio Bug ,looks like school vape detector teen hacker showed could become audio bug
Conservative trolls are finding new ways to flood social media with disinformation,Conservative trolls are finding new ways to flood social media with disinformation ,conservative trolls finding new ways flood social media disinformation
"Sam Altman addresses ‘bumpy’ GPT-5 rollout, bringing 4o back, and the ‘chart crime’","Sam Altman addresses ‘bumpy’ GPT-5 rollout, bringing 4o back, and the ‘chart crime’ ",sam altman addresses bumpy gpt rollout bringing back chart crime
Schools are using AI to spy on students and some are getting arrested for misinterpreted jokes and private conversations,Schools are using AI to spy on students and some are getting arrested for misinterpreted jokes and private conversations ,schools using ai spy students getting arrested misinterpreted jokes private conversations
Exposed: fake 'new' hard drives sold on Amazon were hiding recycled parts from over a decade ago,Exposed: fake 'new' hard drives sold on Amazon were hiding recycled parts from over a decade ago ,exposed fake new hard drives sold amazon hiding recycled parts decade ago
"Reasoning language models have lower accuracy on medical multiple choice questions when ""None of the other answers"" replaces the correct response.","Reasoning language models have lower accuracy on medical multiple choice questions when ""None of the other answers"" replaces the correct response. ",reasoning language models lower accuracy medical multiple choice questions none answers replaces correct response
"Energy storage boom drives battery shift, leaving nickel, cobalt behind. The rise of LFP batteries, which are Nickel and Cobalt-free, slashed the intensity of use of those minerals for batteries","Energy storage boom drives battery shift, leaving nickel, cobalt behind. The rise of LFP batteries, which are Nickel and Cobalt-free, slashed the intensity of use of those minerals for batteries ",energy storage boom drives battery shift leaving nickel cobalt behind rise lfp batteries nickel cobaltfree slashed intensity use minerals batteries
Apple CEO Tim Cook’s $100 billion commitment to U.S. manufacturing came with a gift for Trump: a glass 'Made in USA' plaque mounted on 24-karat gold,Apple CEO Tim Cook’s $100 billion commitment to U.S. manufacturing came with a gift for Trump: a glass 'Made in USA' plaque mounted on 24-karat gold ,apple ceo tim cooks billion commitment us manufacturing came gift trump glass made usa plaque mounted karat gold
"Guy Gives Himself 19th Century Psychiatric Illness After Consulting With ChatGPT. ""For 3 months, he had replaced sodium chloride with sodium bromide obtained from the internet after consultation with ChatGPT.""","Guy Gives Himself 19th Century Psychiatric Illness After Consulting With ChatGPT. ""For 3 months, he had replaced sodium chloride with sodium bromide obtained from the internet after consultation with ChatGPT."" ",guy gives th century psychiatric illness consulting chatgpt months replaced sodium chloride sodium bromide obtained internet consultation chatgpt
Inspector General Probing FAA’s Handling of D.C. Airspace After Thousands of Close Calls | Seems overdue.,Inspector General Probing FAA’s Handling of D.C. Airspace After Thousands of Close Calls | Seems overdue. ,inspector general probing faas handling dc airspace thousands close calls seems overdue
Volunteers fight to keep ‘AI slop’ off Wikipedia,Volunteers fight to keep ‘AI slop’ off Wikipedia ,volunteers fight keep ai slop wikipedia
Grok’s ‘spicy’ video setting instantly made me Taylor Swift nude deepfakes | Safeguards? What safeguards?,Grok’s ‘spicy’ video setting instantly made me Taylor Swift nude deepfakes | Safeguards? What safeguards? ,groks spicy video setting instantly made taylor swift nude deepfakes safeguards safeguards
The Enshittification of Generative AI,The Enshittification of Generative AI ,enshittification generative ai
US licenses Nvidia to export chips to China after CEO meets Trump | Jensen Huang personally lobbied president after he reversed course on sale of H20 chips,US licenses Nvidia to export chips to China after CEO meets Trump | Jensen Huang personally lobbied president after he reversed course on sale of H20 chips ,us licenses nvidia export chips china ceo meets trump jensen huang personally lobbied president reversed course sale h chips
Pornhub hits back after cybersecurity expert issues 'dangerous' age verification warning,Pornhub hits back after cybersecurity expert issues 'dangerous' age verification warning ,pornhub hits back cybersecurity expert issues dangerous age verification warning
"Chatbots Can Go Into a Delusional Spiral. Here’s How It Happens | Over 21 days of talking with ChatGPT, an otherwise perfectly sane man became convinced that he was a real-life superhero. We analyzed the conversation","Chatbots Can Go Into a Delusional Spiral. Here’s How It Happens | Over 21 days of talking with ChatGPT, an otherwise perfectly sane man became convinced that he was a real-life superhero. We analyzed the conversation ",chatbots go delusional spiral heres happens days talking chatgpt otherwise perfectly sane man became convinced reallife superhero analyzed conversation
"When a journalist uses AI to interview a dead child, isn’t it time to ask what the boundaries should be?","When a journalist uses AI to interview a dead child, isn’t it time to ask what the boundaries should be? ",journalist uses ai interview dead child isnt time ask boundaries
TWAILing AI Governance: Will Third World Countries Be Left Behind?,TWAILing AI Governance: Will Third World Countries Be Left Behind? ,twailing ai governance third world countries left behind
Gen AI is coming for online checkout in seismic shift for internet shopping,Gen AI is coming for online checkout in seismic shift for internet shopping ,gen ai coming online checkout seismic shift internet shopping
"Americans, Be Warned: Lessons From Reddit’s Chaotic UK Age Verification Rollout","Americans, Be Warned: Lessons From Reddit’s Chaotic UK Age Verification Rollout ",americans warned lessons reddits chaotic uk age verification rollout
China counts down to start of work on Xinjiang-Tibet Railway,China counts down to start of work on Xinjiang-Tibet Railway ,china counts start work xinjiangtibet railway
How to get out of a love-hate relationship with your phone,How to get out of a love-hate relationship with your phone ,get lovehate relationship phone
"Astronaut Jim Lovell, famed Apollo 13 commander, dies at 97 | Lovell was also the first astronaut to go to space four times and part of the Apollo 8 crew, the first to launch on the Saturn V rocket and first to orbit the moon.","Astronaut Jim Lovell, famed Apollo 13 commander, dies at 97 | Lovell was also the first astronaut to go to space four times and part of the Apollo 8 crew, the first to launch on the Saturn V rocket and first to orbit the moon. ",astronaut jim lovell famed apollo commander dies lovell also first astronaut go space four times part apollo crew first launch saturn v rocket first orbit moon
Why has an AI-altered Bollywood movie sparked uproar in India?,Why has an AI-altered Bollywood movie sparked uproar in India? ,aialtered bollywood movie sparked uproar india
"Prohibition never works, but that didn't stop the UK's Online Safety Act","Prohibition never works, but that didn't stop the UK's Online Safety Act ",prohibition never works didnt stop uks online safety act
Jesus chatbots are on the rise. A philosopher puts them to the test,Jesus chatbots are on the rise. A philosopher puts them to the test ,jesus chatbots rise philosopher puts test
"So Long to Tech’s Dream Job: It’s the shut up and grind era, tech workers said, as Apple, Google, Meta and other giants age into large bureaucracies.","So Long to Tech’s Dream Job: It’s the shut up and grind era, tech workers said, as Apple, Google, Meta and other giants age into large bureaucracies. ",long techs dream job shut grind era tech workers said apple google meta giants age large bureaucracies
"Stellantis Officially Stops Hydrogen Vehicle Development, Choose Full Focus On Hybrid And Electric","Stellantis Officially Stops Hydrogen Vehicle Development, Choose Full Focus On Hybrid And Electric ",stellantis officially stops hydrogen vehicle development choose full focus hybrid electric
AI is creating new billionaires at a record pace,AI is creating new billionaires at a record pace ,ai creating new billionaires record pace
"Google TV division admits defeat, shifts focus to YouTube | Competitors' aggressive tactics are challenging Google TV's position","Google TV division admits defeat, shifts focus to YouTube | Competitors' aggressive tactics are challenging Google TV's position ",google tv division admits defeat shifts focus youtube competitors aggressive tactics challenging google tvs position
Why are couples who meet online more likely to fall out of love?,Why are couples who meet online more likely to fall out of love? ,couples meet online likely fall love
"Ford switches gears, will push smaller EVs over full-size pickup and van | The e-Transit and F-150 Lightning's replacements will be delayed awhile.","Ford switches gears, will push smaller EVs over full-size pickup and van | The e-Transit and F-150 Lightning's replacements will be delayed awhile. ",ford switches gears push smaller evs fullsize pickup van etransit f lightnings replacements delayed awhile
Former Googlers’ AI startup OpenArt now creates ‘brain rot’ videos in just one click,Former Googlers’ AI startup OpenArt now creates ‘brain rot’ videos in just one click ,former googlers ai startup openart creates brain rot videos one click
Svolt Energy to begin trial production of semi-solid-state batteries in Q4,Svolt Energy to begin trial production of semi-solid-state batteries in Q4 ,svolt energy begin trial production semisolidstate batteries q
Goldman Sachs economist warns Gen Z tech workers are first on the chopping block as AI shows signs of shaking up the labor market,Goldman Sachs economist warns Gen Z tech workers are first on the chopping block as AI shows signs of shaking up the labor market ,goldman sachs economist warns gen z tech workers first chopping block ai shows signs shaking labor market
"Battlefield 6 open beta is already Steam's most popular Battlefield game with a peak of 330,000+ concurrent players, doubling the record of the 2042 beta and tripling 2042 itself in just hours","Battlefield 6 open beta is already Steam's most popular Battlefield game with a peak of 330,000+ concurrent players, doubling the record of the 2042 beta and tripling 2042 itself in just hours ",battlefield open beta already steams popular battlefield game peak concurrent players doubling record beta tripling hours
The backlash against Duolingo going ‘AI-first’ didn’t even matter,The backlash against Duolingo going ‘AI-first’ didn’t even matter ,backlash duolingo going aifirst didnt even matter
Apple CEO Tim Cook bends the knee to Donald Trump with a golden gift & $100 billion pledge,Apple CEO Tim Cook bends the knee to Donald Trump with a golden gift & $100 billion pledge ,apple ceo tim cook bends knee donald trump golden gift billion pledge
Senators are trying to force ISPs to block all foreign pirate sites,Senators are trying to force ISPs to block all foreign pirate sites ,senators trying force isps block foreign pirate sites
"Chris Cuomo Fell for an AI Video Labeled ""100% Fake"" and It Gets Worse From There","Chris Cuomo Fell for an AI Video Labeled ""100% Fake"" and It Gets Worse From There ",chris cuomo fell ai video labeled fake gets worse
Chevy Silverado EV smashes world record for longest drive on a single charge | GM claims it has surpassed the current record holder for longest EV drive on a single charge held by Lucid Motors.,Chevy Silverado EV smashes world record for longest drive on a single charge | GM claims it has surpassed the current record holder for longest EV drive on a single charge held by Lucid Motors. ,chevy silverado ev smashes world record longest drive single charge gm claims surpassed current record holder longest ev drive single charge held lucid motors
Hackers Clown Trump Education Secretary With ‘Curb Your Enthusiasm’ Music and ‘Corrupt Billionaire’ Heckles,Hackers Clown Trump Education Secretary With ‘Curb Your Enthusiasm’ Music and ‘Corrupt Billionaire’ Heckles ,hackers clown trump education secretary curb enthusiasm music corrupt billionaire heckles
A CBP Agent Wore Meta Smart Glasses to an Immigration Raid in Los Angeles,A CBP Agent Wore Meta Smart Glasses to an Immigration Raid in Los Angeles ,cbp agent wore meta smart glasses immigration raid los angeles
Trump moves to end NASA missions measuring carbon dioxide and plant health,Trump moves to end NASA missions measuring carbon dioxide and plant health ,trump moves end nasa missions measuring carbon dioxide plant health
Politically hot parts of US Constitution briefly deleted thanks to 'coding error',Politically hot parts of US Constitution briefly deleted thanks to 'coding error' ,politically hot parts us constitution briefly deleted thanks coding error
From bootcamp to bust: How AI is upending the software development industry,From bootcamp to bust: How AI is upending the software development industry ,bootcamp bust ai upending software development industry
"CCC | Shutdown system, reboot! Join CCC for 39C3: Power Cycles","CCC | Shutdown system, reboot! Join CCC for 39C3: Power Cycles ",ccc shutdown system reboot join ccc c power cycles
"Smartwatches offer little insight into stress levels, researchers find","Smartwatches offer little insight into stress levels, researchers find ",smartwatches offer little insight stress levels researchers find
Quantum Computers Are Here and They're Real. You Just Haven't Noticed Yet,Quantum Computers Are Here and They're Real. You Just Haven't Noticed Yet ,quantum computers theyre real havent noticed yet
Google says it's working on a fix for Gemini's self-loathing 'I am a failure' comments,Google says it's working on a fix for Gemini's self-loathing 'I am a failure' comments ,google says working fix geminis selfloathing failure comments
New paper reveals Chain-of-Thought reasoning of LLMs a mirage,New paper reveals Chain-of-Thought reasoning of LLMs a mirage ,new paper reveals chainofthought reasoning llms mirage
"Computer chips made outside the US to receive 100% tariff likely spiking tech prices, but 'there's no charge' for companies currently building on American soil","Computer chips made outside the US to receive 100% tariff likely spiking tech prices, but 'there's no charge' for companies currently building on American soil ",computer chips made outside us receive tariff likely spiking tech prices theres charge companies currently building american soil
Inside the US Government's Unpublished Report on AI Safety | The National Institute of Standards and Technology conducted a groundbreaking study on frontier models just before Donald Trump's second term as president—and never published the results.,Inside the US Government's Unpublished Report on AI Safety | The National Institute of Standards and Technology conducted a groundbreaking study on frontier models just before Donald Trump's second term as president—and never published the results. ,inside us governments unpublished report ai safety national institute standards technology conducted groundbreaking study frontier models donald trumps second term presidentand never published results
SpaceX signs deal to fly Italian experiments to Mars on Starship's 1st commercial Red Planet flights,SpaceX signs deal to fly Italian experiments to Mars on Starship's 1st commercial Red Planet flights ,spacex signs deal fly italian experiments mars starships st commercial red planet flights
Sonos says it’s forced to raise prices while trying to win back customers,Sonos says it’s forced to raise prices while trying to win back customers ,sonos says forced raise prices trying win back customers
"FCC Democrat: Trump admin is declaring “Mission Accomplished” on broadband | FCC studies broadband ""with one eye closed and the other half-open,"" Democrat says.","FCC Democrat: Trump admin is declaring “Mission Accomplished” on broadband | FCC studies broadband ""with one eye closed and the other half-open,"" Democrat says. ",fcc democrat trump admin declaring mission accomplished broadband fcc studies broadband one eye closed halfopen democrat says
OpenAI offers to hop into bed with the government for $1,OpenAI offers to hop into bed with the government for $1 ,openai offers hop bed government
Trump calls on Intel CEO to resign,Trump calls on Intel CEO to resign ,trump calls intel ceo resign
FDA approves breakthrough eye drops that fix near vision without glasses,FDA approves breakthrough eye drops that fix near vision without glasses ,fda approves breakthrough eye drops fix near vision without glasses
Hackers can bypass Microsoft Defender to install ransomware on PCs,Hackers can bypass Microsoft Defender to install ransomware on PCs ,hackers bypass microsoft defender install ransomware pcs
Trump calls for Intel boss Lip-Bu Tan to resign over alleged China ties,Trump calls for Intel boss Lip-Bu Tan to resign over alleged China ties ,trump calls intel boss lipbu tan resign alleged china ties
"Apple made a 24k gold and glass statue for Donald Trump.  At a White House press conference to discuss Apple’s new US manufacturing plans, CEO Tim Cook presented a gift to President Donald Trump: a “unique” piece of glass from iPhone glass manufacturer Corning that’s set in a 24-karat gold base.","Apple made a 24k gold and glass statue for Donald Trump.  At a White House press conference to discuss Apple’s new US manufacturing plans, CEO Tim Cook presented a gift to President Donald Trump: a “unique” piece of glass from iPhone glass manufacturer Corning that’s set in a 24-karat gold base. ",apple made k gold glass statue donald trump white house press conference discuss apples new us manufacturing plans ceo tim cook presented gift president donald trump unique piece glass iphone glass manufacturer corning thats set karat gold base
Tesla exec leading development of chip tech and Dojo supercomputer is leaving company,Tesla exec leading development of chip tech and Dojo supercomputer is leaving company ,tesla exec leading development chip tech dojo supercomputer leaving company
"""We Answer To Nobody But You, The Audience"" - Digital Foundry Is Now Fully Independent | Richard Leadbetter's tech channel has separated from IGN owner Ziff Davis","""We Answer To Nobody But You, The Audience"" - Digital Foundry Is Now Fully Independent | Richard Leadbetter's tech channel has separated from IGN owner Ziff Davis ",answer nobody audience digital foundry fully independent richard leadbetters tech channel separated ign owner ziff davis
US military finds a good use for Tesla Cybertruck: missile target practice,US military finds a good use for Tesla Cybertruck: missile target practice ,us military finds good use tesla cybertruck missile target practice
"Samsung's revived Z-NAND targets 15x performance increase over traditional NAND — once a competitor to Intel's Optane, Z-NAND makes a play for AI datacenters","Samsung's revived Z-NAND targets 15x performance increase over traditional NAND — once a competitor to Intel's Optane, Z-NAND makes a play for AI datacenters ",samsungs revived znand targets x performance increase traditional nand competitor intels optane znand makes play ai datacenters
Intel shares drop after Trump calls for CEO to resign immediately,Intel shares drop after Trump calls for CEO to resign immediately ,intel shares drop trump calls ceo resign immediately
California jury rules Meta violated privacy law in case involving period-tracking app,California jury rules Meta violated privacy law in case involving period-tracking app ,california jury rules meta violated privacy law case involving periodtracking app
AI is gutting workforces—and an ex-Google exec says CEOs are too busy ‘celebrating’ their efficiency gains to see they’re next,AI is gutting workforces—and an ex-Google exec says CEOs are too busy ‘celebrating’ their efficiency gains to see they’re next ,ai gutting workforcesand exgoogle exec says ceos busy celebrating efficiency gains see theyre next
Microsoft is cautiously onboarding Grok 4 following Hitler concerns,Microsoft is cautiously onboarding Grok 4 following Hitler concerns ,microsoft cautiously onboarding grok following hitler concerns
Review: Framework Desktop is a mash-up of a regular desktop PC and the Mac Studio,Review: Framework Desktop is a mash-up of a regular desktop PC and the Mac Studio ,review framework desktop mashup regular desktop pc mac studio
Money Is Raining Down on Green-Tech Firms That Have an AI Story,Money Is Raining Down on Green-Tech Firms That Have an AI Story ,money raining greentech firms ai story
James Cameron warns of ‘Terminator-style apocalypse’ if AI weaponised,James Cameron warns of ‘Terminator-style apocalypse’ if AI weaponised ,james cameron warns terminatorstyle apocalypse ai weaponised
US Air Force Plans To Use Tesla Cybertrucks for Missile Target Practice,US Air Force Plans To Use Tesla Cybertrucks for Missile Target Practice ,us air force plans use tesla cybertrucks missile target practice
"OpenAI priced GPT-5 so low, it may spark a price war","OpenAI priced GPT-5 so low, it may spark a price war ",openai priced gpt low may spark price war
"AI-led trend could eliminate up to 500,000 jobs in key sector","AI-led trend could eliminate up to 500,000 jobs in key sector ",ailed trend could eliminate jobs key sector
Enterprise software giants weaponize AI to kill discounts and deepen lock-in,Enterprise software giants weaponize AI to kill discounts and deepen lock-in ,enterprise software giants weaponize ai kill discounts deepen lockin
Trump Is Launching an AI Search Engine Powered by Perplexity | America’s scandalous president is teaming up with its most disreputable AI company to make a search engine.,Trump Is Launching an AI Search Engine Powered by Perplexity | America’s scandalous president is teaming up with its most disreputable AI company to make a search engine. ,trump launching ai search engine powered perplexity americas scandalous president teaming disreputable ai company make search engine
ChatGPT psychosis? This scientist predicted AI-induced delusions — two years later it appears he was right,ChatGPT psychosis? This scientist predicted AI-induced delusions — two years later it appears he was right ,chatgpt psychosis scientist predicted aiinduced delusions two years later appears right
The Rise of the Young and Sober Tech Founder,The Rise of the Young and Sober Tech Founder ,rise young sober tech founder
Samsung rolls out 5‑day RTO tracking tool to curb 'coffee badging' for some US semiconductor staff,Samsung rolls out 5‑day RTO tracking tool to curb 'coffee badging' for some US semiconductor staff ,samsung rolls day rto tracking tool curb coffee badging us semiconductor staff
Exclusive: The high costs and thin margins threatening AI coding startups,Exclusive: The high costs and thin margins threatening AI coding startups ,exclusive high costs thin margins threatening ai coding startups
A new robot shop has opened in Beijing selling everything from mechanical butlers to human-like replicas of Albert Einstein,A new robot shop has opened in Beijing selling everything from mechanical butlers to human-like replicas of Albert Einstein ,new robot shop opened beijing selling everything mechanical butlers humanlike replicas albert einstein
Truth Social’s new AI search engine basically just pushes Fox News﻿ / The Perplexity-powered ‘Truth Search AI’ tool appears to selectively source from conservative media.,Truth Social’s new AI search engine basically just pushes Fox News﻿ / The Perplexity-powered ‘Truth Search AI’ tool appears to selectively source from conservative media. ,truth socials new ai search engine basically pushes fox news perplexitypowered truth search ai tool appears selectively source conservative media
S. Korea again postpones decision on Google's map data transfer request amid U.S. pressure,S. Korea again postpones decision on Google's map data transfer request amid U.S. pressure ,korea postpones decision googles map data transfer request amid us pressure
Students have been called to the office — and even arrested — for AI surveillance false alarms,Students have been called to the office — and even arrested — for AI surveillance false alarms ,students called office even arrested ai surveillance false alarms
Coding error blamed after parts of Constitution disappear from US website | US restores deleted portions after people noticed the Constitution had shrunk,Coding error blamed after parts of Constitution disappear from US website | US restores deleted portions after people noticed the Constitution had shrunk ,coding error blamed parts constitution disappear us website us restores deleted portions people noticed constitution shrunk
Meet the 24-year-old Ottawa software engineer who runs a MAGA bot,Meet the 24-year-old Ottawa software engineer who runs a MAGA bot ,meet yearold ottawa software engineer runs maga bot
TikTok has tons of mental health content. A Montreal study says much of it could be misleading,TikTok has tons of mental health content. A Montreal study says much of it could be misleading ,tiktok tons mental health content montreal study says much could misleading
OpenAI says latest ChatGPT upgrade is big step forward but still can’t do humans’ jobs,OpenAI says latest ChatGPT upgrade is big step forward but still can’t do humans’ jobs ,openai says latest chatgpt upgrade big step forward still cant humans jobs
Tesla Disbands Dojo Supercomputer Team in Blow to AI Effort,Tesla Disbands Dojo Supercomputer Team in Blow to AI Effort ,tesla disbands dojo supercomputer team blow ai effort
Govt. Website ‘Glitch’ Removes Trump’s Least Favorite Part of Constitution,Govt. Website ‘Glitch’ Removes Trump’s Least Favorite Part of Constitution ,govt website glitch removes trumps least favorite part constitution
"Uber received 400,000 reports of sexual misconduct from 2017 to 2022 | Uber only disclosed 12,522 serious sexual assaults during the same period.","Uber received 400,000 reports of sexual misconduct from 2017 to 2022 | Uber only disclosed 12,522 serious sexual assaults during the same period. ",uber received reports sexual misconduct uber disclosed serious sexual assaults period
Federal courts step up security following major hack of electronic filing system,Federal courts step up security following major hack of electronic filing system ,federal courts step security following major hack electronic filing system
