title,text
A massive Wyoming data center will soon use 5x more power than the state's human occupants - but no one knows who is using it,
RFK Jr. wants a wearable on every American — that future’s not as healthy as he thinks,
Reddit will block the Internet Archive,
"Ford Aims for Revolution With $30,000 Electric Truck",
Man develops rare 19th-century psychiatric disorder after following ChatGPT's diet advice,
"TeaOnHer, a rival Tea app for men, is leaking users’ personal data and driver’s licenses",
Danish programmer build a webside to highlight every single EU members stance on the new mass surveillance tool Chat Control 2.0 and its implications for you as a citizen in the European Union,
"China state media says Nvidia H20 GPUs are unsafe and outdated, urges Chinese companies to avoid them — says chip is ‘neither environmentally friendly, nor advanced, nor safe’",
"Sam Altman says Gen Z are the ‘luckiest’ kids in all of history thanks to AI, despite mounting job displacement dread",
GitHub is no longer independent at Microsoft after CEO resignation,
The computer science dream has become a nightmare,
"Gen Z Is Cutting Back On Video Game Purchases. Like, Really Cutting Back",
Karen Hao on AI tech bosses: ‘Many choose not to have children because they don’t think the world is going to be around much longer’,
Cybertruck Leads Tesla’s Used-Car Collapse,
"Newly discovered WinRAR exploit linked to Russian hacking group, can plant backdoor malware — zero day hack requires manual update to fix",
"Linus Torvalds calls RISC-V code from Google engineer 'garbage' and that it 'makes the world actively a worse place to live' — Linux honcho puts dev on notice for late submissions, too",
"Goodbye, $165,000 Tech Jobs. Student Coders Seek Work at Chipotle. | As companies like Amazon and Microsoft lay off workers and embrace A.I. coding tools, computer science graduates say they’re struggling to land tech jobs.",
What Even Is Instagram Now? | Long after shifting your feed away from friends and toward influencers Instagram is adding new features intended to make the app more personal. The turnabout exposes the platform’s identity crisis,
"Sex is getting scrubbed from the internet, but a billionaire can sell you AI nudes |Online safety laws keep ordinary people from expressing themselves, while companies like xAI cause real harm.",
Instagram has debuted a new maps feature that shows your location to others. And Internet users are furious,
Nvidia and AMD to pay 15% of China chip sale revenues to US government,
"""AI Is A Money Trap""",
"AOL discontinues its dial-up internet, and we're just surprised they even offered it in 2025",
Former Intel CEO Craig Barrett outlines rescue plan to save Intel and America's advanced chip manufacturing,
New Chatbot On Trump's Truth Social Platform Keeps Contradicting Him,
Major Intel Linux driver projects are dying due to Intel layoffs and corporate restructuring — compatibility and reliability issues could increase over time,
Major hotel chain faces backlash for allegedly outsourcing check-ins -- to India,
"Nvidia and AMD to pay 15% of China chip sales revenues to the U.S. government, FT reports",
Security flaws in a carmaker’s web portal let one hacker remotely unlock cars from anywhere,
"GPT-5 makes up presidents, US states when asked to draw.",
‘Britain’s most tattooed man’ claims he is unable to watch p*rn as 'new age check system mistakes his ink for a mask',
Trump announces 100% tariff on computer chips. Here's what it could mean for your wallet.,
Signal boss: ‘disturbing’ laws show the UK doesn’t understand tech,
"Trump executive order gives politicians control over all federal grants, alarming researchers",
"Mozilla under fire for Firefox AI ""bloat"" that blows up CPU and drains battery",
"After using ChatGPT, man swaps his salt for sodium bromide and suffers psychosis",
Steve Wozniak on fighting internet scams,
Why U.S. politicians are up in arms about new internet rules in Britain,
"Uber took bigger cut of fares to grow profits, study says — with Seattle hit hardest",
B.C. mushroom picking robots get $40M boost to fill growing agricultural labour shortage,
"Johns Hopkins is building classified versions of its AI wargaming tools for DoD, IC",
How photonic computing can move towards commercialization,
Sunlight-activated material turns PFAS in water into harmless fluoride,
Trump admin orders federal agencies to scrub all worker COVID vaccination records,
California man sues Microsoft for discontinuing Windows 10 — says company is doing this to “monopolize the generative AI market”,
Częstochowa city becomes first to use Polish AI model to support local administration,
The Secret History of Tor: How a Military Project Became a Lifeline for Privacy,
"AI, Trump put pressure on Deloitte, Accenture, other consulting firms",
Antivirus bloatware may be killing your (not so old) Windows PC,
Pill Causes Major Weight Loss in Eli Lilly Trial’s Results,
"As electric bills rise, evidence mounts that data centers share blame. States feel pressure to act",
"Red Teams Jailbreak GPT-5 With Ease, Warn It's ‘Nearly Unusable’ for Enterprise",
AI industry horrified to face largest copyright class action ever certified,
"Intel CEO calls China ties allegations ""misinformation"" after Trump demands resignation | Lip-Bu Tan reaffirms commitment to US' chipmaking competitiveness",
Why Are Silicon Valley’s Utopians Prepping for Collapse?,
How OpenAI used a new data type to cut inference costs by 75%,
Hackers are hiding malware in SVG images via fake Facebook posts,
Residents cheer as Tucson rejects Amazon's massive Project Blue data center campus in Arizona,
"AOL will end dial-up internet service in September, 34 years after it's debut — AOL Shield Browser and AOL Dialer software will be shuttered on the same day",
Hackers Went Looking for a Backdoor in High-Security Safes—and Now Can Open Them in Seconds,
"Blizzard's ex-CEO says Battlefield 6 will ""boot stomp"" Call of Duty this year because the franchise has ""gone downhill"" — calls it a victory for players as COD ""won't be lazy"" anymore",
"Parks Associates: 47% of US Internet Households Own a Security Solution, and 35% Have a Paid Security Service",
UK: X created a 'staggering amplification of hate' during the 2024 riots,
Scientists Used Virtual Reality To Alter People’s Lucid Dreams,
Riot Games Accused of Blocking Mastercard Discourse in VCT Chat,
General Motors Is Going All-In On Affordable LFP Batteries,
"The Battlefield 6 beta has broken Call of Duty's Steam player count record, surging past half a million concurrents | This puts the BF6 beta at 18th place overall on Steam.",
It Took Just 24 Hours of Complaints for OpenAI to Start Bringing Back Its Old Model | The GPT-5 rollout has been a disaster.,
BYD unveils electric intercity bus with 700 km range,
IBM and Moderna have simulated the longest mRNA pattern without AI — they used a quantum computer instead,
Microsoft sued for discontinuing Windows 10 support,
Attorneys general nationwide target voice providers to curb robocalls,
Used EV batteries could upend the race for long-duration storage,
China warns EV makers to stop price-cutting to protect the economy,
Trump administration threatens to take Harvard's patents,
Ditching my phone for an LTE smartwatch was a humbling experience,
The UK’s Online Safety Act is a licence for censorship – and the rest of the world is following suit,
Are AI Companion Chatbots Safe for Teenagers?,
Cluely Doubles Its ARR to $7M in Just One Week,
New Instagram location sharing feature sparks privacy fears,
"SEC ends lawsuit against Ripple, company to pay $125 million fine",
Hackers Weaponizing SVG Files With Malicious Embedded JavaScript to Execute Malware on Windows Systems,
Encryption Made for Police and Military Radios May Be Easily Cracked | Researchers found that an encryption algorithm likely used by law enforcement and special forces can have weaknesses that could allow an attacker to listen in,
"WhatsApp takes down 6.8 million accounts linked to criminal scam centers, Meta says",
GM Shifts Spring Hill Plant to Low-Cost LFP Battery Cell Production,
"Battlefield 6's anti-cheat has already stopped 330,000 'attempts to cheat' in the open beta, but players are still calling out wallhackers who slip through the net | EA asks players to keep the reports coming.",
India’s IT services giants race to reinvent themselves for the AI age,
TikTok reportedly testing AI age checks in the US: All you need to know about the feature,
21 Ways People Are Using A.I. at Work,
"Net neutrality advocates won’t appeal loss, say they don’t trust Supreme Court | Advocates say Supreme Court shows ""hostility toward sound legal reasoning.""",
The winners and losers in tech's AI-powered ad race,
Tesla’s Dojo supercomputer is DOA — now what? | The disbanding of Tesla’s supercomputer is less about the AI race and more about Elon Musk’s inability to retain talent,
4 arrested in Brazilian police raids against gang running illegal ride-hailing app in Rio,
"Uber defends safety record after 400,000 sexual misconduct reports in five years surface",
"Stunning new data reveals 140% layoff spike in July, with almost half connected to AI and 'technological updates'",
Diabetes patient produces own insulin after gene-edited cell transplant – without anti-rejection drugs | A potential major step toward a type 1 diabetes cure,
“Magic” Cleaning Sponges Found to Release Trillions of Microplastic Fibers,
Scientists just cracked the code to editing entire chromosomes flawlessly,
"ChatGPT Is Still a Bullshit Machine | CEO Sam Altman says it's like having a superpower, but GPT-5 struggles with basic questions.",
Alzheimer's Breakthrough: Lithium Reverses Memory Loss in Mice,
Far more environmental data is being deleted in Trump's second term than before,
Microsoft investigates Israeli military’s use of Azure cloud storage,
“This Is What We Voted For!” MAHA World Celebrates mRNA News (Experts Say It Will Kill People),
ChatGPT users are not happy with GPT-5 launch as thousands take to Reddit claiming the new upgrade ‘is horrible’,
"Stunning new data reveals 140% layoff spike in July, with almost half connected to AI and ‘technological updates’",
YouTube will begin using AI for age verification next week,
It Looks Like a School Vape Detector. A Teen Hacker Showed It Could Become an Audio Bug,
Conservative trolls are finding new ways to flood social media with disinformation,
"Sam Altman addresses ‘bumpy’ GPT-5 rollout, bringing 4o back, and the ‘chart crime’",
Schools are using AI to spy on students and some are getting arrested for misinterpreted jokes and private conversations,
Exposed: fake 'new' hard drives sold on Amazon were hiding recycled parts from over a decade ago,
"Reasoning language models have lower accuracy on medical multiple choice questions when ""None of the other answers"" replaces the correct response.",
"Energy storage boom drives battery shift, leaving nickel, cobalt behind. The rise of LFP batteries, which are Nickel and Cobalt-free, slashed the intensity of use of those minerals for batteries",
Apple CEO Tim Cook’s $100 billion commitment to U.S. manufacturing came with a gift for Trump: a glass 'Made in USA' plaque mounted on 24-karat gold,
"Guy Gives Himself 19th Century Psychiatric Illness After Consulting With ChatGPT. ""For 3 months, he had replaced sodium chloride with sodium bromide obtained from the internet after consultation with ChatGPT.""",
Inspector General Probing FAA’s Handling of D.C. Airspace After Thousands of Close Calls | Seems overdue.,
Volunteers fight to keep ‘AI slop’ off Wikipedia,
Grok’s ‘spicy’ video setting instantly made me Taylor Swift nude deepfakes | Safeguards? What safeguards?,
The Enshittification of Generative AI,
US licenses Nvidia to export chips to China after CEO meets Trump | Jensen Huang personally lobbied president after he reversed course on sale of H20 chips,
Pornhub hits back after cybersecurity expert issues 'dangerous' age verification warning,
"Chatbots Can Go Into a Delusional Spiral. Here’s How It Happens | Over 21 days of talking with ChatGPT, an otherwise perfectly sane man became convinced that he was a real-life superhero. We analyzed the conversation",
"When a journalist uses AI to interview a dead child, isn’t it time to ask what the boundaries should be?",
TWAILing AI Governance: Will Third World Countries Be Left Behind?,
Gen AI is coming for online checkout in seismic shift for internet shopping,
"Americans, Be Warned: Lessons From Reddit’s Chaotic UK Age Verification Rollout",
China counts down to start of work on Xinjiang-Tibet Railway,
How to get out of a love-hate relationship with your phone,
"Astronaut Jim Lovell, famed Apollo 13 commander, dies at 97 | Lovell was also the first astronaut to go to space four times and part of the Apollo 8 crew, the first to launch on the Saturn V rocket and first to orbit the moon.",
Why has an AI-altered Bollywood movie sparked uproar in India?,
"Prohibition never works, but that didn't stop the UK's Online Safety Act",
Jesus chatbots are on the rise. A philosopher puts them to the test,
"So Long to Tech’s Dream Job: It’s the shut up and grind era, tech workers said, as Apple, Google, Meta and other giants age into large bureaucracies.",
"Stellantis Officially Stops Hydrogen Vehicle Development, Choose Full Focus On Hybrid And Electric",
AI is creating new billionaires at a record pace,
"Google TV division admits defeat, shifts focus to YouTube | Competitors' aggressive tactics are challenging Google TV's position",
Why are couples who meet online more likely to fall out of love?,
"Ford switches gears, will push smaller EVs over full-size pickup and van | The e-Transit and F-150 Lightning's replacements will be delayed awhile.",
Former Googlers’ AI startup OpenArt now creates ‘brain rot’ videos in just one click,
Svolt Energy to begin trial production of semi-solid-state batteries in Q4,
Goldman Sachs economist warns Gen Z tech workers are first on the chopping block as AI shows signs of shaking up the labor market,
"Battlefield 6 open beta is already Steam's most popular Battlefield game with a peak of 330,000+ concurrent players, doubling the record of the 2042 beta and tripling 2042 itself in just hours",
The backlash against Duolingo going ‘AI-first’ didn’t even matter,
Apple CEO Tim Cook bends the knee to Donald Trump with a golden gift & $100 billion pledge,
Senators are trying to force ISPs to block all foreign pirate sites,
"Chris Cuomo Fell for an AI Video Labeled ""100% Fake"" and It Gets Worse From There",
Chevy Silverado EV smashes world record for longest drive on a single charge | GM claims it has surpassed the current record holder for longest EV drive on a single charge held by Lucid Motors.,
Hackers Clown Trump Education Secretary With ‘Curb Your Enthusiasm’ Music and ‘Corrupt Billionaire’ Heckles,
A CBP Agent Wore Meta Smart Glasses to an Immigration Raid in Los Angeles,
Trump moves to end NASA missions measuring carbon dioxide and plant health,
Politically hot parts of US Constitution briefly deleted thanks to 'coding error',
From bootcamp to bust: How AI is upending the software development industry,
"CCC | Shutdown system, reboot! Join CCC for 39C3: Power Cycles",
"Smartwatches offer little insight into stress levels, researchers find",
Quantum Computers Are Here and They're Real. You Just Haven't Noticed Yet,
Google says it's working on a fix for Gemini's self-loathing 'I am a failure' comments,
New paper reveals Chain-of-Thought reasoning of LLMs a mirage,
"Computer chips made outside the US to receive 100% tariff likely spiking tech prices, but 'there's no charge' for companies currently building on American soil",
Inside the US Government's Unpublished Report on AI Safety | The National Institute of Standards and Technology conducted a groundbreaking study on frontier models just before Donald Trump's second term as president—and never published the results.,
SpaceX signs deal to fly Italian experiments to Mars on Starship's 1st commercial Red Planet flights,
Sonos says it’s forced to raise prices while trying to win back customers,
"FCC Democrat: Trump admin is declaring “Mission Accomplished” on broadband | FCC studies broadband ""with one eye closed and the other half-open,"" Democrat says.",
OpenAI offers to hop into bed with the government for $1,
Trump calls on Intel CEO to resign,
FDA approves breakthrough eye drops that fix near vision without glasses,
Hackers can bypass Microsoft Defender to install ransomware on PCs,
Trump calls for Intel boss Lip-Bu Tan to resign over alleged China ties,
"Apple made a 24k gold and glass statue for Donald Trump.  At a White House press conference to discuss Apple’s new US manufacturing plans, CEO Tim Cook presented a gift to President Donald Trump: a “unique” piece of glass from iPhone glass manufacturer Corning that’s set in a 24-karat gold base.",
Tesla exec leading development of chip tech and Dojo supercomputer is leaving company,
"""We Answer To Nobody But You, The Audience"" - Digital Foundry Is Now Fully Independent | Richard Leadbetter's tech channel has separated from IGN owner Ziff Davis",
US military finds a good use for Tesla Cybertruck: missile target practice,
"Samsung's revived Z-NAND targets 15x performance increase over traditional NAND — once a competitor to Intel's Optane, Z-NAND makes a play for AI datacenters",
Intel shares drop after Trump calls for CEO to resign immediately,
California jury rules Meta violated privacy law in case involving period-tracking app,
AI is gutting workforces—and an ex-Google exec says CEOs are too busy ‘celebrating’ their efficiency gains to see they’re next,
Microsoft is cautiously onboarding Grok 4 following Hitler concerns,
Review: Framework Desktop is a mash-up of a regular desktop PC and the Mac Studio,
Money Is Raining Down on Green-Tech Firms That Have an AI Story,
James Cameron warns of ‘Terminator-style apocalypse’ if AI weaponised,
US Air Force Plans To Use Tesla Cybertrucks for Missile Target Practice,
"OpenAI priced GPT-5 so low, it may spark a price war",
"AI-led trend could eliminate up to 500,000 jobs in key sector",
Enterprise software giants weaponize AI to kill discounts and deepen lock-in,
Trump Is Launching an AI Search Engine Powered by Perplexity | America’s scandalous president is teaming up with its most disreputable AI company to make a search engine.,
ChatGPT psychosis? This scientist predicted AI-induced delusions — two years later it appears he was right,
The Rise of the Young and Sober Tech Founder,
Samsung rolls out 5‑day RTO tracking tool to curb 'coffee badging' for some US semiconductor staff,
Exclusive: The high costs and thin margins threatening AI coding startups,
A new robot shop has opened in Beijing selling everything from mechanical butlers to human-like replicas of Albert Einstein,
Truth Social’s new AI search engine basically just pushes Fox News﻿ / The Perplexity-powered ‘Truth Search AI’ tool appears to selectively source from conservative media.,
S. Korea again postpones decision on Google's map data transfer request amid U.S. pressure,
Students have been called to the office — and even arrested — for AI surveillance false alarms,
Coding error blamed after parts of Constitution disappear from US website | US restores deleted portions after people noticed the Constitution had shrunk,
Meet the 24-year-old Ottawa software engineer who runs a MAGA bot,
TikTok has tons of mental health content. A Montreal study says much of it could be misleading,
OpenAI says latest ChatGPT upgrade is big step forward but still can’t do humans’ jobs,
Tesla Disbands Dojo Supercomputer Team in Blow to AI Effort,
Govt. Website ‘Glitch’ Removes Trump’s Least Favorite Part of Constitution,
"Uber received 400,000 reports of sexual misconduct from 2017 to 2022 | Uber only disclosed 12,522 serious sexual assaults during the same period.",
Federal courts step up security following major hack of electronic filing system,
